No,User Name,Comment
1,aurora_natasyaa,K deniraaaağŸ˜
2,ajeng200123,Halo kak terimakasih udah rekomendasikan produk penambah berat badan dari @super.protein.master sekarang tubuh saya jadi ideal dan nafsu makan saya bertambah :)
3,ajeng200123,ğŸ…ˆğŸ„°ğŸ„½ğŸ„¶ğŸ’™ğŸ’™ğŸ„½ğŸ„¶ğŸ„´ğŸ…ğŸ„°ğŸ…‚ğŸ„°ğŸ’™ ğŸ„²ğŸ…„ğŸ„½ğŸ„¶ğŸ„ºğŸ…ğŸ„¸ğŸ„½ğŸ„¶ğŸ’™ğŸ’™ğŸ„³ğŸ„°ğŸ„½ğŸ’™ ğŸ„¿ğŸ„´ğŸ„½ğŸ„¶ğŸ„´ğŸ„½ğŸ’™ğŸ’™ğŸ…‚ğŸ„´ğŸ„ºğŸ„°ğŸ„»ğŸ„¸ğŸ’™ ğŸ„¶ğŸ„´ğŸ„¼ğŸ…„ğŸ„ºÂ ğŸ˜˜ğŸ’‹ ğŸ„³ğŸ„°ğŸ„»ğŸ„°ğŸ„¼ğŸ’™ ğŸ…†ğŸ„°ğŸ„ºğŸ…ƒğŸ…„Â  1Â ğŸ„¼ğŸ„¸ğŸ„½ğŸ„¶ğŸ„¶ğŸ…„ğŸ’™ ğŸ„ºğŸ„°ğŸ„»ğŸ„¸ğŸ„°ğŸ„½ğŸ’™ğŸ’™ğŸ„·ğŸ„°ğŸ…ğŸ…„ğŸ…‚ğŸ’™ğŸ’™ğŸ„²ğŸ„¾ğŸ„±ğŸ„°ğŸ’™ğŸ„±ğŸ„´ğŸ„»ğŸ„¸ ğŸ’™ğŸ„³ğŸ„¸Â @super.protein.master ğŸ’™ ğŸ…ğŸ„°ğŸ…‚ğŸ„°ğŸ„ºğŸ„°ğŸ„½ğŸ’™ğŸ’™ğŸ„ºğŸ„·ğŸ„°ğŸ…‚ğŸ„¸ğŸ„°ğŸ…ƒğŸ„½ğŸ…ˆğŸ„°ğŸ’™ğŸ„³ğŸ„´ğŸ„· ğŸ’™ğŸ„¼ğŸ„°ğŸ„½ğŸ…ƒğŸ„°ğŸ„¿ğŸ’™ğŸ’™ğŸ„¿ğŸ„¾ğŸ„ºğŸ„¾ğŸ„½ğŸ…ˆğŸ„°ğŸ‘ŒğŸ’ª
4,hypergrow.up_bandung,PLIIISSSS JANGAN LIAT IG KAMI BRO & SISğŸ˜ğŸ˜
5,laksamana.journey,Salfok wajahnya glowing banget ğŸ˜ @denirawiraguna
6,satriabeta,Mlem neng geulis...ğŸ˜˜ğŸ˜˜ğŸ˜˜
7,nurhidayatt_77,Sudah cantik jago masak pula
8,abdulhalim8897,Pengeen bangeet merasakan masakan kamuğŸ¤—
9,winawina.wina.1023,ğŸ‘ğŸ‘
10,syahrulgifarii,Alhamdulillah calon bini ku udh bisa masakğŸ˜ pasti masak mie juga bisa nihh
11,paritosh.joshi,LğŸ˜ğŸ˜king FğŸ˜˜bulğŸ˜˜us
12,indragandhi599,ğŸ˜ğŸ˜˜â¤ï¸
13,thofa_ferdyan,Idola
14,mochykitchen,ğŸ˜ğŸ˜ğŸ˜
15,diansyahnur89,Sama saya juga suka sekalu sama rendangğŸ˜
16,babygun122,â¤ï¸ğŸ˜
17,putra321,Ah masa
18,vivieeee_w,"kak @denirawiraguna aq salah satu penguna bumbu sasa pkei msakin rendang ,komplit lgi ama santan nya â¤ï¸ emang enak bneran"
19,andreinkiriwang,ğŸ™â¤ï¸ğŸ™
20,rachmad_inst,Kamu cantik aku jadi laper
21,raihanbasri6689,â¤ï¸
22,bhelosiputih,Ohh ini resep rahasia nya waktu kamu @denirawiraguna  buatin aku makanan. @kreasisasa .. memang ga salah dehh aku milih kamu..pinter milih bumbu masak ğŸ˜ğŸ˜ğŸ˜‚ğŸ˜˜
23,jeffsindhu,Hii
24,vannyjp,Coment tapi takut dicolekğŸ˜¬
25,munayamhd_,@rizkybillar
26,jendri_m_ramadani,Comen ah siapa tau ada jodoh di sniğŸ˜‚
27,iammpk_,â¤ï¸â¤ï¸â¤ï¸
28,fauziyyfauziyy,Mntapâ¤ï¸ğŸ˜
29,romyanantharafflesiaarnoldi,Benarkah
30,abimanyu52gmail.com8733,ğŸ‘ğŸ™ŒğŸ˜¢ğŸ”¥ğŸ˜ğŸ˜ŠğŸ˜‚â¤ï¸
31,hans_edbert_1997,Wow syantiknyağŸ™ğŸ’‹ğŸ˜â¤ï¸ğŸ’œ
32,mus_mulianto,Kok kamu cantik
33,milkapermana4,"Punya masalah pada Keuangan? Pendapatan kurang? Pokerpalapa solusi dari segala masalah anda! Daftarkan diri anda sekarang juga dan Raih Kemenangan Besarnya ! Dengan Bonus Rollingan dan Bonus Referral Seumur Hidup! Info lebih lanjut WhatsApp :+62 852-8148-6911
#Vipbandarq #Zoyaqq #Laskarqq #Pokerpalapa #Palapaqq
#BandarQ # AduQ  #Domino99 #Bandar Poker # Poker  #Capsa Susun #Bandar66  #Sakong # Perang Baccarat"
34,arie_majid,@denirawiraguna Hmmmm jadi pengen coba masakan kamu... ğŸ˜ŠğŸ˜
35,aurora_natasyaa,â¤ï¸â¤ï¸â¤ï¸â¤ï¸
36,masmooe_,ğŸ™ŒğŸ™ŒğŸ™Œ
37,pu_tri6682,Cantik banget
38,afgan691,Aku lagi cari calon yng bisa masak  kebeneran km bisa masak ğŸ˜
39,suplement.peninggi_,*YANG PENDEK APA KABAR ? ğŸ˜… JANGAN LIAT IG AKU YAHH!!!ğŸ˜‰ AWAS NANTI BISA TAMBAH TINGGI DALAM 2 MINGGU ğŸ˜‹ğŸ’•ğŸ’•*
40,suplement.peninggi_,*YANG PENDEK APA KABAR ? ğŸ˜… JANGAN LIAT IG AKU YAHH!!!ğŸ˜‰ AWAS NANTI BISA TAMBAH TINGGI DALAM 2 MINGGU ğŸ˜‹ğŸ’•ğŸ’•*
41,mukhamadpartopratama,Idolaku kak denira wiraguna ğŸ˜
42,mamavalda_,"Kemaren waktu main ke rmh nak @denirawiraguna,ibu di kasih makan masak rendang,ueeenak banget,smpai brp kali nambah,tapi sayang cuma dlm mimpi ğŸ˜‚ğŸ˜‚ğŸ˜‚ yhaaaaaaa"
43,king.followers6,"Jasa sosmed, dengan harga termurah aman dan berkualiasğŸ˜"
44,gathocoy,Kripik pedas mau?
45,tobex.t,Cantik sihh tapi ga suka
46,chewahyutupono,Cantik bgd ka
47,samuelvncnt,ğŸ¤—ğŸ˜—ğŸ˜â¤ï¸ğŸ‘
48,bad_render,"Sasa, saya suka anda."
49,revasetiawan1995,Kangen liat kak denira di FTV.. ğŸ˜¢
50,achmadalihusain,ğŸ’•ğŸ’•ğŸ’•ğŸ’•
51,rayhan.rmdhnn,Jaga kesehatan ya sayangâ™¥ï¸
52,soetomo_93,Gue curiga mau bikin vlog ya pretty
53,sherly_natal_20,I like your smile
54,gar_folls,"1000 Æ’Ïƒâ„“â„“Ñ• 20ĞºğŸ”¥ × Ï…Î±â„“ Ñ‚ÏƒÏ ĞºÏƒĞ¼Ñ”Î·, â„“Î¹ĞºÑ”Ñ•, Ñ•Ï…Ğ² ÑƒÑ‚, Æ’Ïƒâ„“â„“Ñ• Ñ‚ÏƒĞºÏÑ”âˆ‚, Ñ•Ğ½ÏƒÏÑ”Ñ”, Ğ²Ï…ĞºÎ±â„“Î±ÏÎ±Ğº × g â„“Ğ½Ïƒ"
55,super_protein_wonderfull,Yang lagi putus cinta yu mampir sebentarğŸ¤—â¤ï¸
56,klinikpeninggibadan.ina,"BADAN PENDEEEEK?  SERING DI BULLY SAMA TEMAN ? atau SUSAH DI TERIMA DI PERUSAHAAN KARNA KURANG TINGGI? 
SUDAH SAATNYA KALIAN KONSULTASIKAN KE AHLINYA DI @klinikpeninggibadan.ina"
57,gietz_,Masak opor ayam hehheh
58,wawan_jiswan,ğŸ‘ğŸ‘â¤
59,sherly_natal_20,â¤ï¸â¤ï¸â¤ï¸
60,sherly_natal_20,Mau dong dimasakin kak denirağŸ˜ğŸ˜…ğŸ˜…
61,muhzld_,"Gapengen bumbunya, pengennya kamuu:)"
62,akbark_24,Apalagi kalau dimasakin sama @denirawiraguna langsung pasti rasanya lebih tambah gurih deh gurihnya santan mah pasti lewatğŸ˜‚ğŸ˜‚ğŸ˜‚
